{
  "timestamp": "2025-12-08T10:43:05.634616",
  "config": {
    "window": 60,
    "horizon": 60,
    "epochs": 2,
    "batch": 16,
    "lr": 0.01,
    "normalization": "zscore"
  },
  "metrics": {
    "rmse": 0.7256137728691101,
    "mae": 0.5081841945648193,
    "mape": 12.145261764526367,
    "r2": 0.5379071235656738,
    "by_var": {
      "temp": {
        "RMSE": 0.4752851724624634,
        "MAE": 0.28022658824920654,
        "MAPE": 1.9918314218521118
      },
      "rh": {
        "RMSE": 0.30807167291641235,
        "MAE": 0.2537870407104492,
        "MAPE": 0.7619341611862183
      },
      "co2": {
        "RMSE": 0.3932613730430603,
        "MAE": 0.29550662636756897,
        "MAPE": 71.2809066772461
      },
      "soil": {
        "RMSE": 0.9985086917877197,
        "MAE": 0.8126204013824463,
        "MAPE": 1.7720487117767334
      },
      "ph": {
        "RMSE": 1.005408525466919,
        "MAE": 0.8218384385108948,
        "MAPE": 4.116427898406982
      },
      "ec": {
        "RMSE": 0.9460153579711914,
        "MAE": 0.7395426034927368,
        "MAPE": 1.1538124084472656
      },
      "par": {
        "RMSE": 0.554380476474762,
        "MAE": 0.35376787185668945,
        "MAPE": 3.939868927001953
      }
    }
  }
}