variable,mean,std,min,max,missing_ratio
temp,29.924902950310557,1.7662062808565677,26.94,32.02,0.00017250301880282904
rh,53.055097709330916,9.525630495002607,36.0,71.0,0.00030188028290495085
co2,637.1665146299483,202.33761668025,405.12,1240.2,0.0979817146800069
soil,14.432175207039338,6.8995305185930915,1.23,24.48,0.00017250301880282904
ph,7.65676112836439,2.375211861651472,0.0,13.8,0.00017250301880282904
ec,1.1161772382397572,0.32473451675349874,0.7,1.44,0.28950319130584784
par,106.68470194962042,17.210540917784442,0.05,116.91,0.00017250301880282904
